chunk,chunk_size,local_tokens,context_len,case,cache,timing,mean_us,median_us,queries_per_second,p05_us,p95_us,l2_flush_bytes,speedup_vs_trtllm
0,8192,512,8192,trtllm/native,warm,cuda-event,106.64447978138924,105.47199845314026,4854369.003233351,104.73600029945374,106.84800148010254,0,1.0
0,8192,512,8192,flashmla-prefill/native,warm,cuda-event,126.67583957314491,126.94399803876877,4033274.57705905,125.27839317917824,127.64959633350372,0,0.8308545506887931
0,8192,512,8192,flashmla-decode/native,warm,cuda-event,174.58591848611832,174.43199455738068,2935241.3317246903,174.17599260807037,175.0528059899807,0,0.6046597054673045
0,8192,512,8192,trtllm/native,cold,cuda-event,106.96320027112961,106.89600184559822,4789702.0577022005,105.18240369856358,108.57599973678589,268435456,1.0
0,8192,512,8192,flashmla-prefill/native,cold,cuda-event,126.24095931649208,126.27199292182922,4054739.203466616,124.92639757692814,127.91039794683456,268435456,0.846553533939818
0,8192,512,8192,flashmla-decode/native,cold,cuda-event,175.20160019397736,175.07199943065643,2924511.0678181066,174.36479404568672,176.57600343227386,268435456,0.6105830869198374
0,8192,1024,8192,trtllm/native,warm,cuda-event,203.44864025712013,203.0400037765503,5043341.119747679,201.46559923887253,203.45759987831116,0,1.0
0,8192,1024,8192,flashmla-prefill/native,warm,cuda-event,247.35103994607925,247.75999784469604,4133032.002373023,245.21760419011116,248.5775999724865,0,0.8195027669633026
0,8192,1024,8192,flashmla-decode/native,warm,cuda-event,363.1372803449631,362.91199922561646,2821620.6743921847,362.48638927936554,363.80960643291473,0,0.5594744847505679
0,8192,1024,8192,trtllm/native,cold,cuda-event,203.08575943112373,203.0400037765503,5043341.119747679,202.54719331860542,204.15519699454308,268435456,1.0
0,8192,1024,8192,flashmla-prefill/native,cold,cuda-event,246.9788797199726,247.69599735736847,4134099.908455941,244.37440559267998,248.76960143446922,268435456,0.8197145127202446
0,8192,1024,8192,flashmla-decode/native,cold,cuda-event,363.5433593392372,363.5199964046478,2816901.4363109395,362.87839263677597,364.6159902215004,268435456,0.5585387483073663
0,16384,512,16384,trtllm/native,warm,cuda-event,106.25536017119884,105.29599711298943,4862483.03865332,104.76640053093433,106.84960149228573,0,1.0
0,16384,512,16384,flashmla-prefill/native,warm,cuda-event,126.54336042702198,126.65600329637527,4042445.5744266547,125.24640038609505,127.55200266838074,0,0.831354174871574
0,16384,512,16384,flashmla-decode/native,warm,cuda-event,174.49375823140144,174.3839979171753,2936049.2138916175,173.8560050725937,175.01119896769524,0,0.6038168545889192
0,16384,512,16384,trtllm/native,cold,cuda-event,107.02272020280361,106.9600023329258,4786836.096042133,104.50879856944084,108.83360169827938,268435456,1.0
0,16384,512,16384,flashmla-prefill/native,cold,cuda-event,126.05056084692478,125.71199983358383,4072801.32905196,124.95999783277512,127.07200646400452,268435456,0.8508336712049628
0,16384,512,16384,flashmla-decode/native,cold,cuda-event,175.15328153967857,175.07199943065643,2924511.0678181066,174.46400225162506,176.41599476337433,268435456,0.6109486535868984
0,16384,1024,16384,trtllm/native,warm,cuda-event,203.0201594531536,202.55999267101288,5055292.441993351,201.27999782562256,203.36160585284233,0,1.0
0,16384,1024,16384,flashmla-prefill/native,warm,cuda-event,247.34112083911896,247.74399399757385,4133298.9893189017,245.3871987760067,248.3839988708496,0,0.8176181767417399
0,16384,1024,16384,flashmla-decode/native,warm,cuda-event,363.33440124988556,363.072007894516,2820377.164128568,362.6864045858383,364.76799845695496,0,0.5579058375931394
0,16384,1024,16384,trtllm/native,cold,cuda-event,202.91103959083557,202.91200280189514,5046522.560815393,201.74239426851273,203.4416064620018,268435456,1.0
0,16384,1024,16384,flashmla-prefill/native,cold,cuda-event,246.73695906996727,246.48000299930573,4154495.2431815914,244.09599602222443,248.32479879260063,268435456,0.8232392093993389
0,16384,1024,16384,flashmla-decode/native,cold,cuda-event,363.7708795070648,363.5199964046478,2816901.4363109395,362.9424065351486,364.9312064051628,268435456,0.5581866329466678
0,16384,2048,16384,trtllm/native,warm,cuda-event,405.1340785622597,404.1920006275177,5066898.891666414,403.5840034484863,405.8752119541168,0,1.0
0,16384,2048,16384,flashmla-prefill/native,warm,cuda-event,517.0700794458389,516.0959959030151,3968253.99975562,512.2831761837006,524.059197306633,0,0.7831721304489128
0,16384,2048,16384,flashmla-decode/native,warm,cuda-event,741.4169591665268,740.6559884548187,2765116.372410093,738.9664024114609,743.8080221414566,0,0.545721639908369
0,16384,2048,16384,trtllm/native,cold,cuda-event,404.66559886932373,404.4640064239502,5063491.355157402,403.48801016807556,405.7599902153015,268435456,1.0
0,16384,2048,16384,flashmla-prefill/native,cold,cuda-event,504.9680006504059,500.62400102615356,4090894.555199339,497.6640045642853,513.6223912239075,268435456,0.8079197273700431
0,16384,2048,16384,flashmla-decode/native,cold,cuda-event,740.1411199569702,740.30402302742,2766431.0017185253,739.358377456665,741.2864178419113,268435456,0.5463485187746566
0,32768,512,32768,trtllm/native,warm,cuda-event,105.87328046560287,105.0880029797554,4872107.0482101925,104.60799932479858,106.81760124862194,0,1.0
0,32768,512,32768,flashmla-prefill/native,warm,cuda-event,126.19359873235226,125.75999647378922,4071246.9334929613,125.05439892411232,127.5536023080349,0,0.8356234567934148
0,32768,512,32768,flashmla-decode/native,warm,cuda-event,174.6118399500847,174.57599937915802,2932820.1002475587,173.98080602288246,174.8799979686737,0,0.6019613426443399
0,32768,512,32768,trtllm/native,cold,cuda-event,106.94623999297619,106.81600123643875,4793289.339362935,105.15200346708298,108.61440002918243,268435456,1.0
0,32768,512,32768,flashmla-prefill/native,cold,cuda-event,126.08863979578018,125.72799623012543,4072283.14577498,124.92799758911133,127.13920697569847,268435456,0.8495800811215409
0,32768,512,32768,flashmla-decode/native,cold,cuda-event,175.14944091439247,175.10400712490082,2923976.489211883,174.62239637970924,176.15999281406403,268435456,0.6100146021229967
0,32768,1024,32768,trtllm/native,warm,cuda-event,203.3740809559822,202.86399871110916,5047716.728970916,201.47199928760529,203.42400670051575,0,1.0
0,32768,1024,32768,flashmla-prefill/native,warm,cuda-event,246.44479990005493,246.3040053844452,4157463.856106128,244.22239735722542,248.35680574178696,0,0.8236325608853481
0,32768,1024,32768,flashmla-decode/native,warm,cuda-event,363.0198401212692,362.9760146141052,2821123.0460741506,362.36638873815536,363.23358714580536,0,0.5588909199049481
0,32768,1024,32768,trtllm/native,cold,cuda-event,203.13472017645836,203.10400426387787,5041751.902978699,202.55839303135872,204.70720157027245,268435456,1.0
0,32768,1024,32768,flashmla-prefill/native,cold,cuda-event,246.1647991836071,246.07999622821808,4161248.4382937322,243.71199309825897,248.22720512747765,268435456,0.8253576372600248
0,32768,1024,32768,flashmla-decode/native,cold,cuda-event,363.3868795633316,363.48798871040344,2817149.4844519794,362.7200126647949,363.9952138066292,268435456,0.5587640047872229
0,32768,2048,32768,trtllm/native,warm,cuda-event,404.96896058321,404.1920006275177,5066898.891666414,403.4848093986511,405.8256059885025,0,1.0
0,32768,2048,32768,flashmla-prefill/native,warm,cuda-event,511.3667172193527,511.34398579597473,4005131.686084107,508.89439284801483,513.9024019241333,0,0.7904502875854484
0,32768,2048,32768,flashmla-decode/native,warm,cuda-event,740.0959986448288,739.7440075874329,2768525.2992846174,738.6543840169907,741.7328059673309,0,0.5463944235867905
0,32768,2048,32768,trtllm/native,cold,cuda-event,407.6851198077202,405.5359959602356,5050106.575991381,403.7408113479614,416.06559455394745,268435456,1.0
0,32768,2048,32768,flashmla-prefill/native,cold,cuda-event,505.1705604791641,505.2960216999054,4053069.7097320594,497.6319968700409,513.8367861509323,268435456,0.8025711237463153
0,32768,2048,32768,flashmla-decode/native,cold,cuda-event,739.682559967041,739.6319806575775,2768944.6286235545,738.6159777641296,740.447998046875,268435456,0.5482942957654287
0,32768,4096,32768,trtllm/native,warm,cuda-event,833.736959695816,850.2399921417236,4817463.349003762,805.3743928670883,866.6559845209122,0,1.0
0,32768,4096,32768,flashmla-prefill/native,warm,cuda-event,1049.970874786377,1049.6639609336853,3902201.230531505,1039.9648129940033,1071.3023781776428,0,0.8100116073199538
0,32768,4096,32768,flashmla-decode/native,warm,cuda-event,1508.0156767368317,1506.3679814338684,2719123.1163192512,1502.1744430065155,1514.9535596370697,0,0.5644304729130027
0,32768,4096,32768,trtllm/native,cold,cuda-event,851.1014431715012,854.9599945545197,4790867.439515971,827.7312070131302,872.3215878009796,268435456,1.0
0,32768,4096,32768,flashmla-prefill/native,cold,cuda-event,1054.7667169570923,1053.0400276184082,3889690.6979534817,1049.3103981018066,1064.96000289917,268435456,0.8118969575051451
0,32768,4096,32768,flashmla-decode/native,cold,cuda-event,1518.6208033561707,1508.4159970283508,2715431.292209383,1505.2400171756744,1559.4928562641144,268435456,0.5667932428712175
0,65536,512,65536,trtllm/native,warm,cuda-event,105.93312054872513,105.0880029797554,4872107.0482101925,104.67039979994297,106.9440022110939,0,1.0
0,65536,512,65536,flashmla-prefill/native,warm,cuda-event,125.96927933394909,125.50400197505951,4079551.1851625736,125.04959851503372,127.457594871521,0,0.8373279044969321
0,65536,512,65536,flashmla-decode/native,warm,cuda-event,174.71615940332413,174.5920032262802,2932551.265457569,174.27040040493011,175.07999911904335,0,0.6019061643021298
0,65536,512,65536,trtllm/native,cold,cuda-event,106.77856057882309,106.86400160193443,4791136.325843256,105.12000322341919,108.17599669098854,268435456,1.0
0,65536,512,65536,flashmla-prefill/native,cold,cuda-event,125.45631967484951,125.44000148773193,4081632.6046526213,123.00479784607887,127.39519402384758,268435456,0.8519132679728624
0,65536,512,65536,flashmla-decode/native,cold,cuda-event,175.3577597439289,175.08800327777863,2924243.7540835254,174.52480271458626,176.41599476337433,268435456,0.6103445101969309
0,65536,1024,65536,trtllm/native,warm,cuda-event,203.160320520401,202.94399559497833,5045727.009552077,201.2783981859684,203.2960057258606,0,1.0
0,65536,1024,65536,flashmla-prefill/native,warm,cuda-event,249.2115207016468,248.09600412845612,4127434.472785002,246.71840071678162,248.41760620474815,0,0.8180059018197668
0,65536,1024,65536,flashmla-decode/native,warm,cuda-event,363.0073603987694,362.8160059452057,2822367.2142916694,362.4927893280983,363.6816054582596,0,0.5593578901412303
0,65536,1024,65536,trtllm/native,cold,cuda-event,203.23391929268837,203.0239999294281,5043738.673043316,202.59039998054504,204.79999482631683,268435456,1.0
0,65536,1024,65536,flashmla-prefill/native,cold,cuda-event,248.52447926998138,248.35200607776642,4123179.9016729305,247.80799448490143,249.9231956899166,268435456,0.8174848399084613
0,65536,1024,65536,flashmla-decode/native,cold,cuda-event,363.4019201993942,363.48798871040344,2817149.4844519794,362.7200126647949,364.54400420188904,268435456,0.5585439030591476
0,65536,2048,65536,trtllm/native,warm,cuda-event,409.2572811245918,405.2800089120865,5053296.375258057,403.8384050130844,416.2943884730339,0,1.0
0,65536,2048,65536,flashmla-prefill/native,warm,cuda-event,515.8067184686661,514.5279765129089,3980347.2182014924,512.3839974403381,522.8480100631714,0,0.7876734160478025
0,65536,2048,65536,flashmla-decode/native,warm,cuda-event,741.178879737854,739.8399710655212,2768166.198225895,739.358377456665,742.9104179143906,0,0.5477941511167613
0,65536,2048,65536,trtllm/native,cold,cuda-event,405.6723204255104,405.5359959602356,5050106.575991381,403.8384050130844,407.584011554718,268435456,1.0
0,65536,2048,65536,flashmla-prefill/native,cold,cuda-event,505.64191848039627,508.87998938560486,4024524.529786774,497.66240417957306,513.8960003852844,268435456,0.7969187321550187
0,65536,2048,65536,flashmla-decode/native,cold,cuda-event,740.3359985351562,740.0799989700317,2767268.4072670504,739.3903821706772,741.4111912250519,268435456,0.5479623777491885
0,65536,4096,65536,trtllm/native,warm,cuda-event,836.3622379302979,830.7679891586304,4930377.738974115,805.6864112615585,856.598424911499,0,1.0
0,65536,4096,65536,flashmla-prefill/native,warm,cuda-event,1044.1744077205658,1041.152000427246,3934103.7603723276,1036.2864196300507,1063.6208355426788,0,0.797931511266095
0,65536,4096,65536,flashmla-decode/native,warm,cuda-event,1507.3615968227386,1506.8320035934448,2718285.7745468575,1503.774356842041,1512.9312098026276,0,0.5513341813668952
0,65536,4096,65536,trtllm/native,cold,cuda-event,859.7190415859222,862.3839914798737,4749624.344221831,843.2191759347916,874.0367889404297,268435456,1.0
0,65536,4096,65536,flashmla-prefill/native,cold,cuda-event,1057.3030412197113,1052.4320006370544,3891937.9090721523,1049.499237537384,1073.0623841285706,268435456,0.8194201534710636
0,65536,4096,65536,flashmla-decode/native,cold,cuda-event,1696.0096049308777,1507.9039931297302,2716353.3080766946,1504.7199487686157,1514.6432518959045,268435456,0.5719090840060398
0,65536,8192,65536,trtllm/native,warm,cuda-event,1711.6556823253632,1734.8159551620483,4722114.744001642,1608.0496549606323,1747.892814874649,0,1.0
0,65536,8192,65536,flashmla-prefill/native,warm,cuda-event,2149.31937456131,2145.616054534912,3818017.665688894,2106.204879283905,2198.0528354644775,0,0.8085397904696842
0,65536,8192,65536,flashmla-decode/native,warm,cuda-event,3107.9043221473694,3102.1440029144287,2640754.262956107,3098.7727761268616,3132.5103640556335,0,0.5592312779587951
0,65536,8192,65536,trtllm/native,cold,cuda-event,1745.6620800495148,1755.616009235382,4666168.431425865,1704.8624217510223,1777.0895779132843,268435456,1.0
0,65536,8192,65536,flashmla-prefill/native,cold,cuda-event,2148.0611181259155,2147.952079772949,3813865.3451086027,2133.3566904067993,2151.907217502594,268435456,0.8173441231617051
0,65536,8192,65536,flashmla-decode/native,cold,cuda-event,3106.996488571167,3102.720022201538,2640264.00751021,3099.6016025543213,3133.7440729141235,268435456,0.5658312695547963
3,8192,512,32768,trtllm/native,warm,cuda-event,128.03679808974266,127.45599448680878,4017072.7321341494,127.00640559196472,127.78079733252525,0,1.0
3,8192,512,32768,flashmla-prefill/native,warm,cuda-event,157.51744017004967,157.6159968972206,3248401.24149244,156.25600516796112,158.2079976797104,0,0.8086488490753969
3,8192,512,32768,flashmla-decode/native,warm,cuda-event,213.87807920575142,213.59999477863312,2397003.803912155,213.1823994219303,215.16799926757812,0,0.5967041086255611
3,8192,512,32768,trtllm/native,cold,cuda-event,130.1673610508442,129.82400506734848,3943800.6841214844,129.34240102767944,131.16799294948578,268435456,1.0
3,8192,512,32768,flashmla-prefill/native,cold,cuda-event,159.91839945316315,159.85599905252457,3202882.6133185653,159.58400070667267,160.44799983501434,268435456,0.8121309543390465
3,8192,512,32768,flashmla-decode/native,cold,cuda-event,214.95520055294037,214.91200476884842,2382370.4057420557,213.94720450043678,216.09599888324738,268435456,0.6040798195846829
3,8192,1024,32768,trtllm/native,warm,cuda-event,216.68671935796738,215.82400053739548,4744606.70476995,215.3263933956623,217.43999421596527,0,1.0
3,8192,1024,32768,flashmla-prefill/native,warm,cuda-event,269.4588804244995,269.1200077533722,3804993.9450745606,268.5423895716667,270.65759003162384,0,0.8019619289517173
3,8192,1024,32768,flashmla-decode/native,warm,cuda-event,402.388479411602,400.2560079097748,2558362.5973475175,399.55038875341415,410.4016035795212,0,0.5392148931492023
3,8192,1024,32768,trtllm/native,cold,cuda-event,217.7628806233406,217.56799519062042,4706574.600289122,217.11840629577637,219.16800737380981,268435456,1.0
3,8192,1024,32768,flashmla-prefill/native,cold,cuda-event,272.44255900382996,272.41599559783936,3758956.950206788,271.22720777988434,273.09280782938004,268435456,0.7986608668597067
3,8192,1024,32768,flashmla-decode/native,cold,cuda-event,400.6428796052933,400.41598677635193,2557340.4504749314,399.77601170539856,401.88961178064346,268435456,0.5433549168258877
3,16384,512,65536,trtllm/native,warm,cuda-event,128.13823893666267,127.45599448680878,4017072.7321341494,127.00640559196472,128.77599745988846,0,1.0
3,16384,512,65536,flashmla-prefill/native,warm,cuda-event,157.39936023950577,157.53600001335144,3250050.781768022,156.22239783406258,158.2079976797104,0,0.8090594814899875
3,16384,512,65536,flashmla-decode/native,warm,cuda-event,215.02847984433174,215.29600024223328,2378121.281509828,213.72799575328827,215.83999693393707,0,0.5920035409083579
3,16384,512,65536,trtllm/native,cold,cuda-event,132.01471999287605,131.71200454235077,3887269.059331423,131.1040073633194,133.15199315547943,268435456,1.0
3,16384,512,65536,flashmla-prefill/native,cold,cuda-event,161.32095977663994,161.76000237464905,3165182.940676319,160.16000509262085,162.1440052986145,268435456,0.8142433395697861
3,16384,512,65536,flashmla-decode/native,cold,cuda-event,215.81760063767433,216.0000056028366,2370370.3088851967,215.22879973053932,216.23199954628944,268435456,0.609777782990118
3,16384,1024,65536,trtllm/native,warm,cuda-event,216.43296018242836,215.68000316619873,4747774.411014479,215.07200598716736,217.40800142288208,0,1.0
3,16384,1024,65536,flashmla-prefill/native,warm,cuda-event,269.34592068195343,269.0240144729614,3806351.644874879,268.48000288009644,270.7520127296448,0,0.8017128269709762
3,16384,1024,65536,flashmla-decode/native,warm,cuda-event,408.9999997615814,412.23999857902527,2483989.917353209,402.67359614372253,414.27680999040604,0,0.523190384022994
3,16384,1024,65536,trtllm/native,cold,cuda-event,220.76479867100716,221.15199267864227,4630299.675788961,219.19840052723885,222.3791942000389,268435456,1.0
3,16384,1024,65536,flashmla-prefill/native,cold,cuda-event,272.598719894886,272.5279927253723,3757412.182725352,271.6096118092537,273.51521104574203,268435456,0.8114835854733577
3,16384,1024,65536,flashmla-decode/native,cold,cuda-event,402.07455962896347,401.91999077796936,2547770.759095392,401.40638798475266,403.425595164299,268435456,0.5502388479124248
3,16384,2048,65536,trtllm/native,warm,cuda-event,418.96255880594254,418.2719886302948,4896335.532069781,417.85440742969513,419.7039991617203,0,1.0
3,16384,2048,65536,flashmla-prefill/native,warm,cuda-event,551.563521027565,550.3840148448944,3721038.301915716,549.0559935569763,556.5295904874802,0,0.7599639112850497
3,16384,2048,65536,flashmla-decode/native,warm,cuda-event,810.9622377157211,810.591995716095,2526548.5112405424,803.5759806632996,825.7167905569077,0,0.5160080420739709
3,16384,2048,65536,trtllm/native,cold,cuda-event,433.46943974494934,433.50400030612946,4724293.198110639,432.2544127702713,434.6912011504173,268435456,1.0
3,16384,2048,65536,flashmla-prefill/native,cold,cuda-event,543.1126445531845,542.9440140724182,3772027.956692486,541.8127834796906,544.7695761919022,268435456,0.7984322307093498
3,16384,2048,65536,flashmla-decode/native,cold,cuda-event,801.984960436821,805.8559894561768,2541397.007400877,787.9599809646606,809.0112209320068,268435456,0.5379422700558135
3,32768,512,131072,trtllm/native,warm,cuda-event,130.96128031611443,130.11200726032257,3935071.103588558,129.34400141239166,131.5216027200222,0,1.0
3,32768,512,131072,flashmla-prefill/native,warm,cuda-event,162.2678406536579,162.1440052986145,3157686.891088381,161.8224024772644,162.8576025366783,0,0.8024472259748375
3,32768,512,131072,flashmla-decode/native,warm,cuda-event,221.6995194554329,221.53599560260773,2311136.8362838333,221.03039920330048,222.52799570560455,0,0.5873176812932833
3,32768,512,131072,trtllm/native,cold,cuda-event,137.6931193470955,137.472003698349,3724394.6856515408,136.2160012125969,139.2991952598095,268435456,1.0
3,32768,512,131072,flashmla-prefill/native,cold,cuda-event,168.66240039467812,168.46399754285812,3039225.0419544065,167.93599724769592,170.01600563526154,268435456,0.8160319457181076
3,32768,512,131072,flashmla-decode/native,cold,cuda-event,216.91135972738266,216.92800521850586,2360230.0656583086,215.96639826893806,218.1120067834854,268435456,0.6337217896779951
3,32768,1024,131072,trtllm/native,warm,cuda-event,222.38015934824944,221.53599560260773,4622273.6725676665,221.27839401364326,223.48960265517235,0,1.0
3,32768,1024,131072,flashmla-prefill/native,warm,cuda-event,285.3670397400856,284.36800837516785,3600967.654030311,278.7808060646057,299.4287922978401,0,0.7790468304378825
3,32768,1024,131072,flashmla-decode/native,warm,cuda-event,429.93311911821365,432.97599256038666,2365027.201495898,422.1744030714035,434.91679579019547,0,0.5116588434674247
3,32768,1024,131072,trtllm/native,cold,cuda-event,239.13792088627815,237.64800280332565,4308893.775334813,233.47200453281403,244.6623995900154,268435456,1.0
3,32768,1024,131072,flashmla-prefill/native,cold,cuda-event,287.5926402211189,286.75198554992676,3571030.1989232786,284.7039997577667,290.82080870866776,268435456,0.8287580026606248
3,32768,1024,131072,flashmla-decode/native,cold,cuda-event,409.66720163822174,406.6399931907654,2518197.956784873,404.47840988636017,416.76801443099976,268435456,0.5844186670833402
3,32768,2048,131072,trtllm/native,warm,cuda-event,435.25728076696396,432.5439929962158,4734778.5038316725,430.3632065653801,453.1215935945511,0,1.0
3,32768,2048,131072,flashmla-prefill/native,warm,cuda-event,591.1910420656204,600.4960238933563,3410513.8394117155,567.643192410469,605.2959769964218,0,0.720311169076171
3,32768,2048,131072,flashmla-decode/native,warm,cuda-event,854.6428817510605,848.9919900894165,2412272.464177551,815.804797410965,919.5391982793808,0,0.5094794745362202
3,32768,2048,131072,trtllm/native,cold,cuda-event,459.58880096673965,459.53600108623505,4456669.3254913865,454.68641221523285,464.0047878026962,268435456,1.0
3,32768,2048,131072,flashmla-prefill/native,cold,cuda-event,580.8774393796921,584.2559933662415,3505312.779421005,571.9024032354355,588.5152041912079,268435456,0.7865319419978537
3,32768,2048,131072,flashmla-decode/native,cold,cuda-event,836.0848009586334,828.4319937229156,2472140.158175725,814.2335802316666,864.3247812986374,268435456,0.554705762896858
3,32768,4096,131072,trtllm/native,warm,cuda-event,892.5491207838058,909.600019454956,4503078.179851376,852.7343958616257,916.4976090192795,0,1.0
3,32768,4096,131072,flashmla-prefill/native,warm,cuda-event,1223.596158027649,1228.9760112762451,3332855.9405699535,1205.3087711334229,1240.5791640281677,0,0.7401283760700673
3,32768,4096,131072,flashmla-decode/native,warm,cuda-event,1670.5324804782867,1668.608009815216,2454740.7035721927,1610.0464522838593,1808.836817741394,0,0.5451250468081394
3,32768,4096,131072,trtllm/native,cold,cuda-event,925.0051200389862,924.3199825286865,4431365.844536288,919.9552088975906,930.5871933698654,268435456,1.0
3,32768,4096,131072,flashmla-prefill/native,cold,cuda-event,1234.914243221283,1243.3760166168213,3294256.882278508,1203.21124792099,1253.4127593040466,268435456,0.7433953769220399
3,32768,4096,131072,flashmla-decode/native,cold,cuda-event,1649.4780814647675,1631.8079829216003,2510099.2536306223,1622.8111684322357,1735.1439654827118,268435456,0.5664391841457826
3,65536,512,262144,trtllm/native,warm,cuda-event,140.41440039873123,139.615997672081,3667201.528026502,139.32640254497528,141.15679487586021,0,1.0
3,65536,512,262144,flashmla-prefill/native,warm,cuda-event,179.64416086673737,179.32799458503723,2855103.583714086,178.3680021762848,181.18879422545433,0,0.7785510455026874
3,65536,512,262144,flashmla-decode/native,warm,cuda-event,222.58527994155884,222.24000096321106,2303815.684759446,221.50240242481232,223.68640452623367,0,0.6282217290630439
3,65536,512,262144,trtllm/native,cold,cuda-event,147.44095996022224,147.48799800872803,3471468.9121327754,146.1103953421116,148.12960252165794,268435456,1.0
3,65536,512,262144,flashmla-prefill/native,cold,cuda-event,186.90144032239914,186.71999871730804,2742073.712067459,186.24639585614204,188.4479969739914,268435456,0.7898885980179509
3,65536,512,262144,flashmla-decode/native,cold,cuda-event,217.7945601940155,217.76000410318375,2351212.2995616454,217.0879989862442,218.43680143356323,268435456,0.6772960838981343
3,65536,1024,262144,trtllm/native,warm,cuda-event,242.44351968169212,241.96799844503403,4231964.58449283,239.96640145778656,244.12960335612297,0,1.0
3,65536,1024,262144,flashmla-prefill/native,warm,cuda-event,325.8198416233063,325.872004032135,3142338.057058197,322.30241000652313,329.0320083498955,0,0.7425246583047158
3,65536,1024,262144,flashmla-decode/native,warm,cuda-event,440.2646401524544,438.4320080280304,2335595.8991354764,431.14878982305527,452.8016060590744,0,0.5518940086818758
3,65536,1024,262144,trtllm/native,cold,cuda-event,258.7971204519272,258.67199897766113,3958681.2799495645,256.03039115667343,261.1391916871071,268435456,1.0
3,65536,1024,262144,flashmla-prefill/native,cold,cuda-event,329.997119307518,329.8560082912445,3104384.8657013546,327.90238708257675,331.8528085947037,268435456,0.7841967175849291
3,65536,1024,262144,flashmla-decode/native,cold,cuda-event,414.60959911346436,416.78400337696075,2456908.1147623654,406.1824083328247,422.91200160980225,268435456,0.6206380208496269
3,65536,2048,262144,trtllm/native,warm,cuda-event,474.2419198155403,467.47200191020966,4381011.037305658,464.36478942632675,486.3647937774658,0,1.0
3,65536,2048,262144,flashmla-prefill/native,warm,cuda-event,673.7670367956161,676.2399971485138,3028510.6007271917,662.5872015953064,682.2400093078613,0,0.6912812076798008
3,65536,2048,262144,flashmla-decode/native,warm,cuda-event,851.0041588544846,835.8719944953918,2450135.922111326,827.5376260280609,928.777614235878,0,0.5592626681940913
3,65536,2048,262144,trtllm/native,cold,cuda-event,492.73503839969635,493.6800003051758,4148436.2314333124,486.1087992787361,497.6640045642853,268435456,1.0
3,65536,2048,262144,flashmla-prefill/native,cold,cuda-event,658.1430417299271,657.3439836502075,3115568.1818635194,652.4111926555634,672.1744269132614,268435456,0.7510223149283096
3,65536,2048,262144,flashmla-decode/native,cold,cuda-event,857.2105592489243,857.375979423523,2388683.6687179194,835.2304190397263,873.2959896326065,268435456,0.5758033956550931
3,65536,4096,262144,trtllm/native,warm,cuda-event,977.3590356111526,996.9280064105988,4108621.659398949,914.5791977643967,1021.8032538890839,0,1.0
3,65536,4096,262144,flashmla-prefill/native,warm,cuda-event,1354.2115187644958,1356.3680052757263,3019829.415076297,1335.0192368030548,1364.2559587955475,0,0.7349981734551018
3,65536,4096,262144,flashmla-decode/native,warm,cuda-event,1675.419843196869,1673.8240122795105,2447091.193548974,1643.1599736213684,1778.2559871673584,0,0.5955990588597928
3,65536,4096,262144,trtllm/native,cold,cuda-event,1008.6710405349731,1013.7919783592224,4040276.5926686414,963.137623667717,1022.3104536533356,268435456,1.0
3,65536,4096,262144,flashmla-prefill/native,cold,cuda-event,1377.2204875946045,1376.6400218009949,2975360.250417093,1365.443193912506,1388.011211156845,268435456,0.7364248912601894
3,65536,4096,262144,flashmla-decode/native,cold,cuda-event,1809.2371213436127,1627.1520256996155,2517281.6892993576,1609.5664262771606,1689.0096068382263,268435456,0.6230468710650003
3,65536,8192,262144,trtllm/native,warm,cuda-event,1995.5507266521454,2017.1200037002563,4061235.813919046,1860.0336074829102,2040.033519268036,0,1.0
3,65536,8192,262144,flashmla-prefill/native,warm,cuda-event,2828.042252063751,2847.823977470398,2876582.2834586175,2741.0128116607666,2907.758378982544,0,0.7083022053532884
3,65536,8192,262144,flashmla-decode/native,warm,cuda-event,3294.815683364868,3289.83998298645,2490090.71637687,3264.3232822418213,3334.321641921997,0,0.6131362054482528
3,65536,8192,262144,trtllm/native,cold,cuda-event,2070.5699169635773,2077.2160291671753,3943740.027504238,2001.518428325653,2100.3103137016296,268435456,1.0
3,65536,8192,262144,flashmla-prefill/native,cold,cuda-event,2818.530557155609,2820.352077484131,2904601.8989613517,2790.48330783844,2845.695972442627,268435456,0.7365094754482344
3,65536,8192,262144,flashmla-decode/native,cold,cuda-event,3277.111361026764,3268.768072128296,2506142.931904675,3261.8672251701355,3293.2655930519104,268435456,0.635473665714894
